{"cameraMode":{"drawMode":0,"name":"Shaded","section":"Shading Mode"},"sceneLighting":true,"audioPlay":false,"sceneViewState":{"m_AlwaysRefresh":false,"showFog":true,"showSkybox":true,"showFlares":true,"showImageEffects":true,"showParticleSystems":true,"showVisualEffectGraphs":true,"m_FxEnabled":true},"in2DMode":false,"pivot":{"x":-0.07447755336761475,"y":2.32778263092041,"z":0.23634397983551026},"rotation":{"x":0.014950945973396302,"y":0.8987511992454529,"z":0.030740763992071153,"w":-0.4371432960033417},"size":3.3741908073425295,"orthographic":false}