{"cameraMode":{"drawMode":0,"name":"Shaded","section":"Shading Mode"},"sceneLighting":false,"audioPlay":false,"sceneViewState":{"m_AlwaysRefresh":false,"showFog":true,"showSkybox":false,"showFlares":true,"showImageEffects":true,"showParticleSystems":true,"showVisualEffectGraphs":true,"m_FxEnabled":true},"in2DMode":false,"pivot":{"x":-0.07888844609260559,"y":1.1438531875610352,"z":3.953782081604004},"rotation":{"x":0.016107449308037759,"y":0.9813110828399658,"z":-0.16674171388149262,"w":0.09479328244924545},"size":1.2611708641052247,"orthographic":false}